"","entity_name","iso3c","year","p10","p90","population","continent"
"1","Albania","ALB",2017,4.91,22.72,2879361,NA
"2","Albania","ALB",2018,5.47,23.32,2877019,NA
"3","Angola","AGO",2018,1.07,10.72,31273538,NA
"4","Argentina - urban",NA,2017,7.86,58.4,NA,NA
"5","Argentina - urban",NA,2018,7,53.25,NA,NA
"6","Armenia","ARM",2017,3.85,14.08,2851929,NA
"7","Armenia","ARM",2018,3.71,14,2836563,NA
"8","Australia","AUS",2018,25.06,113.4,24979228,NA
"9","Austria","AUT",2017,27.86,106.5,8797497,NA
"10","Austria","AUT",2018,27.9,108.5,8840518,NA
"11","Belarus","BLR",2017,8.69,26.78,9707874,NA
"12","Belarus","BLR",2018,9.49,28.72,9695573,NA
"13","Belgium","BEL",2017,25.22,89.5,11384491,NA
"14","Belgium","BEL",2018,25.98,90.05,11448598,NA
"15","Benin","BEN",2018,1.71,8.58,11940688,NA
"16","Bhutan","BTN",2017,3.72,20.92,756130,NA
"17","Bolivia","BOL",2017,3.95,39.05,11435535,NA
"18","Bolivia","BOL",2018,4.33,37.45,11606906,NA
"19","Brazil","BRA",2017,3.43,41.3,208504960,NA
"20","Brazil","BRA",2018,3.43,42.85,210166592,NA
"21","Bulgaria","BGR",2017,6.99,39.65,7182430,NA
"22","Bulgaria","BGR",2018,8.01,46.35,7117424,NA
"23","Burkina Faso","BFA",2018,1.38,10.76,20392730,NA
"24","Canada","CAN",2017,24.82,114.5,36554344,NA
"25","Chad","TCD",2018,1.4,7,15604213,NA
"26","Chile","CHL",2017,7.52,46.95,18368582,NA
"27","China","CHN",2017,4.1,23.96,1410275968,NA
"28","China","CHN",2018,4.44,25.48,1417069440,NA
"29","China - rural",NA,2017,3.39,15,NA,NA
"30","China - rural",NA,2018,3.74,16.16,NA,NA
"31","China - urban",NA,2017,5.25,28.62,NA,NA
"32","China - urban",NA,2018,5.43,30.2,NA,NA
"33","Colombia","COL",2017,3.31,29.98,48351668,NA
"34","Colombia","COL",2018,3.28,30.6,49276968,NA
"35","Costa Rica","CRI",2017,6.09,57,4993849,NA
"36","Costa Rica","CRI",2018,5.72,54.95,5040738,NA
"37","Cote d'Ivoire","CIV",2018,2.07,10.72,25493990,NA
"38","Croatia","HRV",2017,9.86,43.1,4192468,NA
"39","Croatia","HRV",2018,11.38,45.8,4160488,NA
"40","Cyprus","CYP",2017,20.58,81.3,1208527,NA
"41","Cyprus","CYP",2018,22.5,84.5,1218834,NA
"42","Czechia","CZE",2017,19.32,55.8,10531315,NA
"43","Czechia","CZE",2018,20.22,59.3,10534598,NA
"44","Denmark","DNK",2017,29.76,97.1,5737286,NA
"45","Denmark","DNK",2018,30.55,99.75,5766689,NA
"46","Djibouti","DJI",2017,1.55,10.16,1040242,NA
"47","Dominican Republic","DOM",2017,4.54,27.7,10647247,NA
"48","Dominican Republic","DOM",2018,4.85,29.3,10765532,NA
"49","East Asia and Pacific",NA,2017,3.49,22.84,NA,NA
"50","East Asia and Pacific",NA,2018,3.73,24.12,NA,NA
"51","Ecuador","ECU",2017,3.88,31.4,16696947,NA
"52","Ecuador","ECU",2018,3.68,32,17015672,NA
"53","Egypt","EGY",2017,2.92,10.3,101789384,NA
"54","El Salvador","SLV",2017,3.69,20.34,6266661,NA
"55","El Salvador","SLV",2018,3.82,22.42,6276340,NA
"56","Estonia","EST",2017,15.82,66.55,1317550,NA
"57","Estonia","EST",2018,16.66,70.7,1322146,NA
"58","Europe and Central Asia",NA,2017,4.89,35.95,NA,NA
"59","Europe and Central Asia",NA,2018,5.22,36.5,NA,NA
"60","Finland","FIN",2017,28.02,90.45,5508146,NA
"61","Finland","FIN",2018,28.38,91.8,5515465,NA
"62","France","FRA",2017,24.62,95,64144092,NA
"63","France","FRA",2018,24.74,96.2,64277812,NA
"64","Gabon","GAB",2017,3.91,23.82,2140225,NA
"65","Georgia","GEO",2017,2.67,14.94,3771904,NA
"66","Georgia","GEO",2018,2.71,14.6,3772323,NA
"67","Germany","DEU",2017,26.18,104.4,82624368,NA
"68","Germany","DEU",2018,27.06,107.7,82896696,NA
"69","Greece","GRC",2017,9.08,44.6,10692230,NA
"70","Greece","GRC",2018,10.02,46.35,10633275,NA
"71","Guinea","GIN",2018,1.92,7.55,12554871,NA
"72","Guinea-Bissau","GNB",2018,1.7,7.63,1924954,NA
"73","High income countries",NA,2017,20.62,111.4,NA,NA
"74","High income countries",NA,2018,21.06,114.5,NA,NA
"75","Honduras","HND",2017,1.75,21.72,9626845,NA
"76","Honduras","HND",2018,1.74,21.94,9792854,NA
"77","Hungary","HUN",2017,10.46,39.6,9788940,NA
"78","Hungary","HUN",2018,11.26,41.3,9776361,NA
"79","Iceland","ISL",2017,31.85,98.1,343641,NA
"80","India","IND",2017,2,8.38,1354195712,NA
"81","India","IND",2018,2.09,9.06,1369003264,NA
"82","India - rural",NA,2017,1.97,6.81,NA,NA
"83","India - rural",NA,2018,2.07,7.08,NA,NA
"84","India - urban",NA,2017,2.09,11.06,NA,NA
"85","India - urban",NA,2018,2.16,11.54,NA,NA
"86","Indonesia","IDN",2017,2.4,13.08,264498848,NA
"87","Indonesia","IDN",2018,2.55,13.48,267066848,NA
"88","Indonesia - rural",NA,2017,2.24,9.39,NA,NA
"89","Indonesia - rural",NA,2018,2.34,9.88,NA,NA
"90","Indonesia - urban",NA,2017,2.56,15.98,NA,NA
"91","Indonesia - urban",NA,2018,2.78,16.16,NA,NA
"92","Iran","IRN",2017,4.98,31.25,84505080,NA
"93","Iran","IRN",2018,4.86,30.9,85617560,NA
"94","Ireland","IRL",2017,23.26,90.15,4771860,NA
"95","Ireland","IRL",2018,24.76,91.1,4834506,NA
"96","Israel","ISR",2017,10.3,75.2,8309256,NA
"97","Israel","ISR",2018,10.78,76.5,8456487,NA
"98","Italy","ITA",2017,15.82,85.15,60004024,NA
"99","Italy","ITA",2018,15.98,85.45,59877432,NA
"100","Kazakhstan","KAZ",2017,5.91,19.22,18314822,NA
"101","Kazakhstan","KAZ",2018,6.34,20.56,18538100,NA
"102","Kosovo","OWID_KOS",2017,4.6,15.48,1731670,NA
"103","Kyrgyzstan","KGZ",2017,3.22,10.04,6121266,NA
"104","Kyrgyzstan","KGZ",2018,3.44,10.82,6223503,NA
"105","Laos","LAO",2018,2.36,11.7,7105008,NA
"106","Latin America and the Caribbean",NA,2017,3.47,36.7,NA,NA
"107","Latin America and the Caribbean",NA,2018,3.51,36.9,NA,NA
"108","Latvia","LVA",2017,10.3,51.9,1954861,NA
"109","Latvia","LVA",2018,11.92,57.35,1935632,NA
"110","Lesotho","LSO",2017,1.14,9.39,2170622,NA
"111","Lithuania","LTU",2017,10.92,58.4,2904452,NA
"112","Lithuania","LTU",2018,12.06,63,2876128,NA
"113","Luxembourg","LUX",2017,29.02,142.3,596290,NA
"114","Luxembourg","LUX",2018,29.26,149.5,607920,NA
"115","Mali","MLI",2018,1.94,9.26,19934304,NA
"116","Malta","MLT",2017,21.96,81.1,479507,NA
"117","Malta","MLT",2018,22.26,82.55,491590,NA
"118","Mauritius","MUS",2017,6.2,28.84,1294743,NA
"119","Mexico","MEX",2018,3.76,28.02,124013864,NA
"120","Middle East and North Africa",NA,2017,2.84,21.24,NA,NA
"121","Middle East and North Africa",NA,2018,2.58,21.16,NA,NA
"122","Moldova","MDA",2017,5.9,18.56,3180515,NA
"123","Moldova","MDA",2018,6.28,18.92,3141839,NA
"124","Mongolia","MNG",2018,4.07,17.24,3163994,NA
"125","Montenegro","MNE",2017,4.86,32.65,632445,NA
"126","Montenegro","MNE",2018,4.74,31.9,631459,NA
"127","Myanmar","MMR",2017,3,10.88,52288344,NA
"128","Netherlands","NLD",2017,28.46,96.25,17207204,NA
"129","Netherlands","NLD",2018,28.64,96.7,17286042,NA
"130","Niger","NER",2018,1.12,5.04,22577060,NA
"131","Nigeria","NGA",2018,1.34,6.64,198387616,NA
"132","North Macedonia","MKD",2017,3.88,23.62,2111982,NA
"133","North Macedonia","MKD",2018,4.36,24.22,2113497,NA
"134","Norway","NOR",2017,34.5,114.9,5277396,NA
"135","Norway","NOR",2018,34.55,115.4,5312321,NA
"136","Pakistan","PAK",2018,2.46,8.07,219731488,NA
"137","Panama","PAN",2017,5.34,62.35,4096071,NA
"138","Panama","PAN",2018,5.91,65.85,4165258,NA
"139","Paraguay","PRY",2017,4.65,34.85,6355406,NA
"140","Paraguay","PRY",2018,4.79,36.2,6443337,NA
"141","Peru","PER",2017,3.26,25.7,31605488,NA
"142","Peru","PER",2018,3.53,26.6,32203946,NA
"143","Philippines","PHL",2018,2.56,13.04,108568832,NA
"144","Poland","POL",2017,9,33.85,38532816,NA
"145","Poland","POL",2018,8.66,33.35,38521464,NA
"146","Portugal","PRT",2017,12.28,54.45,10307528,NA
"147","Portugal","PRT",2018,12.88,57.05,10289833,NA
"148","Romania","ROU",2017,4.78,32.3,19698852,NA
"149","Romania","ROU",2018,6.28,23.9,19606778,NA
"150","Russia","RUS",2017,8.23,41.65,145452544,NA
"151","Russia","RUS",2018,8.43,41.3,145652288,NA
"152","Sao Tome and Principe","STP",2017,1.85,9.96,208050,NA
"153","Senegal","SEN",2018,2.19,10.96,15574910,NA
"154","Serbia","SRB",2017,3.84,24.84,7464882,NA
"155","Serbia","SRB",2018,7.2,28.18,7433825,NA
"156","Seychelles","SYC",2018,8.29,38.55,103120,NA
"157","Sierra Leone","SLE",2018,1.59,6.87,7861287,NA
"158","Slovakia","SVK",2017,12.2,36.7,5439418,NA
"159","Slovakia","SVK",2018,12.24,39.2,5446746,NA
"160","Slovenia","SVN",2017,20.72,62.2,2098396,NA
"161","Slovenia","SVN",2018,22.68,65.8,2105931,NA
"162","Somalia","SOM",2017,0.66,3.63,14864224,NA
"163","South Asia",NA,2017,2.03,8.37,NA,NA
"164","South Asia",NA,2018,2.15,9,NA,NA
"165","Spain","ESP",2017,15.14,80.5,46584168,NA
"166","Spain","ESP",2018,15.08,80.7,46792044,NA
"167","Sub-Saharan Africa",NA,2017,1.06,7.84,NA,NA
"168","Sub-Saharan Africa",NA,2018,1.08,7.96,NA,NA
"169","Sweden","SWE",2017,24.34,91.25,10058191,NA
"170","Sweden","SWE",2018,23.6,92.9,10162300,NA
"171","Switzerland","CHE",2017,32,136.3,8451688,NA
"172","Switzerland","CHE",2018,31.05,131.3,8514431,NA
"173","Tanzania","TZA",2018,1.17,5.99,58090444,NA
"174","Thailand","THA",2017,6.09,29.88,70898208,NA
"175","Thailand","THA",2018,5.93,29.88,71127808,NA
"176","Togo","TGO",2018,1.36,8.86,8046680,NA
"177","Turkey","TUR",2017,6.58,42.5,82089824,NA
"178","Turkey","TUR",2018,6.6,43.85,82809304,NA
"179","Ukraine","UKR",2017,6.69,20.74,44657260,NA
"180","Ukraine","UKR",2018,7,21.72,44446952,NA
"181","United Kingdom","GBR",2017,20.04,96.8,66064808,NA
"182","United States","USA",2017,21.42,147.2,329791232,NA
"183","United States","USA",2018,22.72,153.3,332140032,NA
"184","Uruguay","URY",2017,9.07,56.8,3422205,NA
"185","Uruguay","URY",2018,8.85,56.2,3427044,NA
"186","Vietnam","VNM",2018,4.72,24.3,94914328,NA
"187","World","OWID_WRL",2017,2.19,43.55,7599822336,NA
"188","World","OWID_WRL",2018,2.27,44.45,7683789824,NA
"189","Zimbabwe","ZWE",2017,1.34,8.81,14751101,NA
"190","Afghanistan","AFG",2017,NA,NA,35643420,NA
"191","Afghanistan","AFG",2018,NA,NA,36686788,NA
"192","Africa",NA,2017,NA,NA,1263333997,NA
"193","Africa",NA,2018,NA,NA,1295265310,NA
"194","Africa (UN)",NA,2017,NA,NA,1263333760,NA
"195","Africa (UN)",NA,2018,NA,NA,1295265024,NA
"196","Algeria","DZA",2017,NA,NA,41136548,NA
"197","Algeria","DZA",2018,NA,NA,41927008,NA
"198","American Samoa","ASM",2017,NA,NA,49486,NA
"199","American Samoa","ASM",2018,NA,NA,48445,NA
"200","Andorra","AND",2017,NA,NA,73853,NA
"201","Andorra","AND",2018,NA,NA,75034,NA
"202","Angola","AGO",2017,NA,NA,30208634,NA
"203","Anguilla","AIA",2017,NA,NA,15040,NA
"204","Anguilla","AIA",2018,NA,NA,15201,NA
"205","Antigua and Barbuda","ATG",2017,NA,NA,91133,NA
"206","Antigua and Barbuda","ATG",2018,NA,NA,91644,NA
"207","Argentina","ARG",2017,NA,NA,44054616,NA
"208","Argentina","ARG",2018,NA,NA,44413592,NA
"209","Aruba","ABW",2017,NA,NA,105454,NA
"210","Aruba","ABW",2018,NA,NA,105980,NA
"211","Asia",NA,2017,NA,NA,4547095064,NA
"212","Asia",NA,2018,NA,NA,4588802751,NA
"213","Asia (UN)",NA,2017,NA,NA,4548303360,NA
"214","Asia (UN)",NA,2018,NA,NA,4590021632,NA
"215","Australia","AUS",2017,NA,NA,24590336,NA
"216","Azerbaijan","AZE",2017,NA,NA,10071569,NA
"217","Azerbaijan","AZE",2018,NA,NA,10152524,NA
"218","Bahamas","BHS",2017,NA,NA,399027,NA
"219","Bahamas","BHS",2018,NA,NA,401911,NA
"220","Bahrain","BHR",2017,NA,NA,1456844,NA
"221","Bahrain","BHR",2018,NA,NA,1487346,NA
"222","Bangladesh","BGD",2017,NA,NA,161793968,NA
"223","Bangladesh","BGD",2018,NA,NA,163683952,NA
"224","Barbados","BRB",2017,NA,NA,279199,NA
"225","Barbados","BRB",2018,NA,NA,279702,NA
"226","Belize","BLZ",2017,NA,NA,374702,NA
"227","Belize","BLZ",2018,NA,NA,382076,NA
"228","Benin","BEN",2017,NA,NA,11596786,NA
"229","Bermuda","BMU",2017,NA,NA,63295,NA
"230","Bermuda","BMU",2018,NA,NA,63591,NA
"231","Bhutan","BTN",2018,NA,NA,762104,NA
"232","Bonaire Sint Eustatius and Saba","BES",2017,NA,NA,24392,NA
"233","Bonaire Sint Eustatius and Saba","BES",2018,NA,NA,24995,NA
"234","Bosnia and Herzegovina","BIH",2017,NA,NA,3440025,NA
"235","Bosnia and Herzegovina","BIH",2018,NA,NA,3400132,NA
"236","Botswana","BWA",2017,NA,NA,2401848,NA
"237","Botswana","BWA",2018,NA,NA,2451411,NA
"238","British Virgin Islands","VGB",2017,NA,NA,30084,NA
"239","British Virgin Islands","VGB",2018,NA,NA,30359,NA
"240","Brunei","BRN",2017,NA,NA,430290,NA
"241","Brunei","BRN",2018,NA,NA,434283,NA
"242","Burkina Faso","BFA",2017,NA,NA,19835860,NA
"243","Burundi","BDI",2017,NA,NA,11155592,NA
"244","Burundi","BDI",2018,NA,NA,11493476,NA
"245","Cambodia","KHM",2017,NA,NA,15830694,NA
"246","Cambodia","KHM",2018,NA,NA,16025242,NA
"247","Cameroon","CMR",2017,NA,NA,24393182,NA
"248","Cameroon","CMR",2018,NA,NA,25076752,NA
"249","Canada","CAN",2018,NA,NA,37035260,NA
"250","Cape Verde","CPV",2017,NA,NA,564959,NA
"251","Cape Verde","CPV",2018,NA,NA,571209,NA
"252","Cayman Islands","CYM",2017,NA,NA,63601,NA
"253","Cayman Islands","CYM",2018,NA,NA,64904,NA
"254","Central African Republic","CAF",2017,NA,NA,4996741,NA
"255","Central African Republic","CAF",2018,NA,NA,5094795,NA
"256","Chad","TCD",2017,NA,NA,15085893,NA
"257","Chile","CHL",2018,NA,NA,18701452,NA
"258","Comoros","COM",2017,NA,NA,761672,NA
"259","Comoros","COM",2018,NA,NA,776322,NA
"260","Congo","COG",2017,NA,NA,5312347,NA
"261","Congo","COG",2018,NA,NA,5441061,NA
"262","Cook Islands","COK",2017,NA,NA,17417,NA
"263","Cook Islands","COK",2018,NA,NA,17276,NA
"264","Cote d'Ivoire","CIV",2017,NA,NA,24848024,NA
"265","Cuba","CUB",2017,NA,NA,11336405,NA
"266","Cuba","CUB",2018,NA,NA,11328243,NA
"267","Curacao","CUW",2017,NA,NA,171543,NA
"268","Curacao","CUW",2018,NA,NA,184734,NA
"269","Democratic Republic of Congo","COD",2017,NA,NA,84283272,NA
"270","Democratic Republic of Congo","COD",2018,NA,NA,87087352,NA
"271","Djibouti","DJI",2018,NA,NA,1057204,NA
"272","Dominica","DMA",2017,NA,NA,70422,NA
"273","Dominica","DMA",2018,NA,NA,70840,NA
"274","Egypt","EGY",2018,NA,NA,103740768,NA
"275","Equatorial Guinea","GNQ",2017,NA,NA,1450703,NA
"276","Equatorial Guinea","GNQ",2018,NA,NA,1502102,NA
"277","Eritrea","ERI",2017,NA,NA,3396933,NA
"278","Eritrea","ERI",2018,NA,NA,3445380,NA
"279","Eswatini","SWZ",2017,NA,NA,1151397,NA
"280","Eswatini","SWZ",2018,NA,NA,1160430,NA
"281","Ethiopia","ETH",2017,NA,NA,108197944,NA
"282","Ethiopia","ETH",2018,NA,NA,111129440,NA
"283","Europe",NA,2017,NA,NA,745660047,NA
"284","Europe",NA,2018,NA,NA,746577709,NA
"285","Europe (UN)",NA,2017,NA,NA,744449344,NA
"286","Europe (UN)",NA,2018,NA,NA,745359104,NA
"287","European Union (27)",NA,2017,NA,NA,443746907,NA
"288","European Union (27)",NA,2018,NA,NA,444343250,NA
"289","Faeroe Islands","FRO",2017,NA,NA,50259,NA
"290","Faeroe Islands","FRO",2018,NA,NA,50978,NA
"291","Falkland Islands","FLK",2017,NA,NA,3619,NA
"292","Falkland Islands","FLK",2018,NA,NA,3674,NA
"293","Fiji","FJI",2017,NA,NA,919022,NA
"294","Fiji","FJI",2018,NA,NA,919002,NA
"295","French Guiana","GUF",2017,NA,NA,269363,NA
"296","French Guiana","GUF",2018,NA,NA,276659,NA
"297","French Polynesia","PYF",2017,NA,NA,295456,NA
"298","French Polynesia","PYF",2018,NA,NA,297615,NA
"299","Gabon","GAB",2018,NA,NA,2192013,NA
"300","Gambia","GMB",2017,NA,NA,2381189,NA
"301","Gambia","GMB",2018,NA,NA,2444916,NA
"302","Ghana","GHA",2017,NA,NA,30222266,NA
"303","Ghana","GHA",2018,NA,NA,30870648,NA
"304","Gibraltar","GIB",2017,NA,NA,32628,NA
"305","Gibraltar","GIB",2018,NA,NA,32677,NA
"306","Greenland","GRL",2017,NA,NA,55951,NA
"307","Greenland","GRL",2018,NA,NA,55954,NA
"308","Grenada","GRD",2017,NA,NA,120934,NA
"309","Grenada","GRD",2018,NA,NA,121853,NA
"310","Guadeloupe","GLP",2017,NA,NA,397027,NA
"311","Guadeloupe","GLP",2018,NA,NA,396273,NA
"312","Guam","GUM",2017,NA,NA,168619,NA
"313","Guam","GUM",2018,NA,NA,168696,NA
"314","Guatemala","GTM",2017,NA,NA,16578718,NA
"315","Guatemala","GTM",2018,NA,NA,16850176,NA
"316","Guernsey","GGY",2017,NA,NA,61624,NA
"317","Guernsey","GGY",2018,NA,NA,61908,NA
"318","Guinea","GIN",2017,NA,NA,12240791,NA
"319","Guinea-Bissau","GNB",2017,NA,NA,1879835,NA
"320","Guyana","GUY",2017,NA,NA,763265,NA
"321","Guyana","GUY",2018,NA,NA,785518,NA
"322","Haiti","HTI",2017,NA,NA,10863546,NA
"323","Haiti","HTI",2018,NA,NA,11012427,NA
"324","High-income countries",NA,2017,NA,NA,1202872536,NA
"325","High-income countries",NA,2018,NA,NA,1209044728,NA
"326","Hong Kong","HKG",2017,NA,NA,7461508,NA
"327","Hong Kong","HKG",2018,NA,NA,7481563,NA
"328","Iceland","ISL",2018,NA,NA,352951,NA
"329","Iraq","IRQ",2017,NA,NA,39621156,NA
"330","Iraq","IRQ",2018,NA,NA,40590700,NA
"331","Isle of Man","IMN",2017,NA,NA,83596,NA
"332","Isle of Man","IMN",2018,NA,NA,83792,NA
"333","Jamaica","JAM",2017,NA,NA,2808388,NA
"334","Jamaica","JAM",2018,NA,NA,2811842,NA
"335","Japan","JPN",2017,NA,NA,126662464,NA
"336","Japan","JPN",2018,NA,NA,126255872,NA
"337","Jersey","JEY",2017,NA,NA,103623,NA
"338","Jersey","JEY",2018,NA,NA,105387,NA
"339","Jordan","JOR",2017,NA,NA,10215384,NA
"340","Jordan","JOR",2018,NA,NA,10459864,NA
"341","Kenya","KEN",2017,NA,NA,48948140,NA
"342","Kenya","KEN",2018,NA,NA,49953300,NA
"343","Kiribati","KIR",2017,NA,NA,120378,NA
"344","Kiribati","KIR",2018,NA,NA,122276,NA
"345","Kosovo","OWID_KOS",2018,NA,NA,1709966,NA
"346","Kuwait","KWT",2017,NA,NA,4124904,NA
"347","Kuwait","KWT",2018,NA,NA,4317190,NA
"348","Laos","LAO",2017,NA,NA,6997925,NA
"349","Latin America and the Caribbean (UN)",NA,2017,NA,NA,635448192,NA
"350","Latin America and the Caribbean (UN)",NA,2018,NA,NA,641303744,NA
"351","Lebanon","LBN",2017,NA,NA,6109255,NA
"352","Lebanon","LBN",2018,NA,NA,5950842,NA
"353","Lesotho","LSO",2018,NA,NA,2198030,NA
"354","Liberia","LBR",2017,NA,NA,4796632,NA
"355","Liberia","LBR",2018,NA,NA,4889396,NA
"356","Libya","LBY",2017,NA,NA,6378267,NA
"357","Libya","LBY",2018,NA,NA,6477791,NA
"358","Liechtenstein","LIE",2017,NA,NA,37916,NA
"359","Liechtenstein","LIE",2018,NA,NA,38205,NA
"360","Low-income countries",NA,2017,NA,NA,626187698,NA
"361","Low-income countries",NA,2018,NA,NA,643420791,NA
"362","Lower-middle-income countries",NA,2017,NA,NA,3236754793,NA
"363","Lower-middle-income countries",NA,2018,NA,NA,3281847839,NA
"364","Macao","MAC",2017,NA,NA,638612,NA
"365","Macao","MAC",2018,NA,NA,650996,NA
"366","Madagascar","MDG",2017,NA,NA,26169540,NA
"367","Madagascar","MDG",2018,NA,NA,26846544,NA
"368","Malawi","MWI",2017,NA,NA,17881172,NA
"369","Malawi","MWI",2018,NA,NA,18367886,NA
"370","Malaysia","MYS",2017,NA,NA,31975812,NA
"371","Malaysia","MYS",2018,NA,NA,32399270,NA
"372","Maldives","MDV",2017,NA,NA,472449,NA
"373","Maldives","MDV",2018,NA,NA,489773,NA
"374","Mali","MLI",2017,NA,NA,19311356,NA
"375","Marshall Islands","MHL",2017,NA,NA,47204,NA
"376","Marshall Islands","MHL",2018,NA,NA,46012,NA
"377","Martinique","MTQ",2017,NA,NA,377458,NA
"378","Martinique","MTQ",2018,NA,NA,374843,NA
"379","Mauritania","MRT",2017,NA,NA,4160018,NA
"380","Mauritania","MRT",2018,NA,NA,4270717,NA
"381","Mauritius","MUS",2018,NA,NA,1295386,NA
"382","Mayotte","MYT",2017,NA,NA,271576,NA
"383","Mayotte","MYT",2018,NA,NA,282968,NA
"384","Mexico","MEX",2017,NA,NA,122839256,NA
"385","Micronesia (country)","FSM",2017,NA,NA,110441,NA
"386","Micronesia (country)","FSM",2018,NA,NA,110945,NA
"387","Monaco","MCO",2017,NA,NA,37069,NA
"388","Monaco","MCO",2018,NA,NA,37050,NA
"389","Mongolia","MNG",2017,NA,NA,3096033,NA
"390","Montserrat","MSR",2017,NA,NA,4723,NA
"391","Montserrat","MSR",2018,NA,NA,4381,NA
"392","Morocco","MAR",2017,NA,NA,35528116,NA
"393","Morocco","MAR",2018,NA,NA,35927516,NA
"394","Mozambique","MOZ",2017,NA,NA,28569448,NA
"395","Mozambique","MOZ",2018,NA,NA,29423882,NA
"396","Myanmar","MMR",2018,NA,NA,52666016,NA
"397","Namibia","NAM",2017,NA,NA,2364540,NA
"398","Namibia","NAM",2018,NA,NA,2405682,NA
"399","Nauru","NRU",2017,NA,NA,11708,NA
"400","Nauru","NRU",2018,NA,NA,11949,NA
"401","Nepal","NPL",2017,NA,NA,28183424,NA
"402","Nepal","NPL",2018,NA,NA,28506718,NA
"403","New Caledonia","NCL",2017,NA,NA,284358,NA
"404","New Caledonia","NCL",2018,NA,NA,284887,NA
"405","New Zealand","NZL",2017,NA,NA,4746253,NA
"406","New Zealand","NZL",2018,NA,NA,4838528,NA
"407","Nicaragua","NIC",2017,NA,NA,6480534,NA
"408","Nicaragua","NIC",2018,NA,NA,6572234,NA
"409","Niger","NER",2017,NA,NA,21737924,NA
"410","Nigeria","NGA",2017,NA,NA,193495904,NA
"411","Niue","NIU",2017,NA,NA,1891,NA
"412","Niue","NIU",2018,NA,NA,1907,NA
"413","North America",NA,2017,NA,NA,581258143,NA
"414","North America",NA,2018,NA,NA,585864285,NA
"415","North Korea","PRK",2017,NA,NA,25516318,NA
"416","North Korea","PRK",2018,NA,NA,25638152,NA
"417","Northern America (UN)",NA,2017,NA,NA,366470720,NA
"418","Northern America (UN)",NA,2018,NA,NA,369300736,NA
"419","Northern Mariana Islands","MNP",2017,NA,NA,50752,NA
"420","Northern Mariana Islands","MNP",2018,NA,NA,50328,NA
"421","Oceania",NA,2017,NA,NA,41817267,NA
"422","Oceania",NA,2018,NA,NA,42540030,NA
"423","Oceania (UN)",NA,2017,NA,NA,41816932,NA
"424","Oceania (UN)",NA,2018,NA,NA,42539676,NA
"425","Oman","OMN",2017,NA,NA,4541853,NA
"426","Oman","OMN",2018,NA,NA,4601160,NA
"427","Pakistan","PAK",2017,NA,NA,216379648,NA
"428","Palau","PLW",2017,NA,NA,17857,NA
"429","Palau","PLW",2018,NA,NA,17887,NA
"430","Palestine","PSE",2017,NA,NA,4700954,NA
"431","Palestine","PSE",2018,NA,NA,4805549,NA
"432","Papua New Guinea","PNG",2017,NA,NA,9114803,NA
"433","Papua New Guinea","PNG",2018,NA,NA,9329233,NA
"434","Philippines","PHL",2017,NA,NA,106738496,NA
"435","Puerto Rico","PRI",2017,NA,NA,3366407,NA
"436","Puerto Rico","PRI",2018,NA,NA,3319269,NA
"437","Qatar","QAT",2017,NA,NA,2711764,NA
"438","Qatar","QAT",2018,NA,NA,2766743,NA
"439","Reunion","REU",2017,NA,NA,932745,NA
"440","Reunion","REU",2018,NA,NA,941189,NA
"441","Rwanda","RWA",2017,NA,NA,12230343,NA
"442","Rwanda","RWA",2018,NA,NA,12531810,NA
"443","Saint Barthlemy",NA,2017,NA,NA,10068,NA
"444","Saint Barthlemy",NA,2018,NA,NA,10281,NA
"445","Saint Helena","SHN",2017,NA,NA,5521,NA
"446","Saint Helena","SHN",2018,NA,NA,5494,NA
"447","Saint Kitts and Nevis","KNA",2017,NA,NA,47811,NA
"448","Saint Kitts and Nevis","KNA",2018,NA,NA,47787,NA
"449","Saint Lucia","LCA",2017,NA,NA,177175,NA
"450","Saint Lucia","LCA",2018,NA,NA,177894,NA
"451","Saint Martin (French part)","MAF",2017,NA,NA,34519,NA
"452","Saint Martin (French part)","MAF",2018,NA,NA,33879,NA
"453","Saint Pierre and Miquelon","SPM",2017,NA,NA,5980,NA
"454","Saint Pierre and Miquelon","SPM",2018,NA,NA,5969,NA
"455","Saint Vincent and the Grenadines","VCT",2017,NA,NA,105568,NA
"456","Saint Vincent and the Grenadines","VCT",2018,NA,NA,105297,NA
"457","Samoa","WSM",2017,NA,NA,207642,NA
"458","Samoa","WSM",2018,NA,NA,209715,NA
"459","San Marino","SMR",2017,NA,NA,34081,NA
"460","San Marino","SMR",2018,NA,NA,34179,NA
"461","Sao Tome and Principe","STP",2018,NA,NA,211358,NA
"462","Saudi Arabia","SAU",2017,NA,NA,34193120,NA
"463","Saudi Arabia","SAU",2018,NA,NA,35018132,NA
"464","Senegal","SEN",2017,NA,NA,15157793,NA
"465","Seychelles","SYC",2017,NA,NA,101828,NA
"466","Sierra Leone","SLE",2017,NA,NA,7677570,NA
"467","Singapore","SGP",2017,NA,NA,5764489,NA
"468","Singapore","SGP",2018,NA,NA,5814543,NA
"469","Sint Maarten (Dutch part)","SXM",2017,NA,NA,41901,NA
"470","Sint Maarten (Dutch part)","SXM",2018,NA,NA,42268,NA
"471","Solomon Islands","SLB",2017,NA,NA,643641,NA
"472","Solomon Islands","SLB",2018,NA,NA,659259,NA
"473","Somalia","SOM",2018,NA,NA,15411101,NA
"474","South Africa","ZAF",2017,NA,NA,56641208,NA
"475","South Africa","ZAF",2018,NA,NA,57339632,NA
"476","South America",NA,2017,NA,NA,420982650,NA
"477","South America",NA,2018,NA,NA,424740741,NA
"478","South Korea","KOR",2017,NA,NA,51511640,NA
"479","South Korea","KOR",2018,NA,NA,51676900,NA
"480","South Sudan","SSD",2017,NA,NA,10658230,NA
"481","South Sudan","SSD",2018,NA,NA,10395332,NA
"482","Sri Lanka","LKA",2017,NA,NA,21506816,NA
"483","Sri Lanka","LKA",2018,NA,NA,21580712,NA
"484","Sudan","SDN",2017,NA,NA,40679820,NA
"485","Sudan","SDN",2018,NA,NA,41999064,NA
"486","Suriname","SUR",2017,NA,NA,587566,NA
"487","Suriname","SUR",2018,NA,NA,593729,NA
"488","Svalbard and Jan Mayen","SJM",2017,NA,NA,2400,NA
"489","Syria","SYR",2017,NA,NA,18983370,NA
"490","Syria","SYR",2018,NA,NA,19333464,NA
"491","Taiwan","TWN",2017,NA,NA,23665028,NA
"492","Taiwan","TWN",2018,NA,NA,23726186,NA
"493","Tajikistan","TJK",2017,NA,NA,8925529,NA
"494","Tajikistan","TJK",2018,NA,NA,9128131,NA
"495","Tanzania","TZA",2017,NA,NA,56267040,NA
"496","Timor","TLS",2017,NA,NA,1243238,NA
"497","Timor","TLS",2018,NA,NA,1261850,NA
"498","Togo","TGO",2017,NA,NA,7852799,NA
"499","Tokelau","TKL",2017,NA,NA,1512,NA
"500","Tokelau","TKL",2018,NA,NA,1645,NA
"501","Tonga","TON",2017,NA,NA,105430,NA
"502","Tonga","TON",2018,NA,NA,105167,NA
"503","Trinidad and Tobago","TTO",2017,NA,NA,1478616,NA
"504","Trinidad and Tobago","TTO",2018,NA,NA,1504707,NA
"505","Tunisia","TUN",2017,NA,NA,11811441,NA
"506","Tunisia","TUN",2018,NA,NA,11933040,NA
"507","Turkmenistan","TKM",2017,NA,NA,5968388,NA
"508","Turkmenistan","TKM",2018,NA,NA,6065072,NA
"509","Turks and Caicos Islands","TCA",2017,NA,NA,39865,NA
"510","Turks and Caicos Islands","TCA",2018,NA,NA,41516,NA
"511","Tuvalu","TUV",2017,NA,NA,10850,NA
"512","Tuvalu","TUV",2018,NA,NA,10883,NA
"513","Uganda","UGA",2017,NA,NA,40127096,NA
"514","Uganda","UGA",2018,NA,NA,41515400,NA
"515","United Arab Emirates","ARE",2017,NA,NA,9068297,NA
"516","United Arab Emirates","ARE",2018,NA,NA,9140172,NA
"517","United Kingdom","GBR",2018,NA,NA,66432996,NA
"518","United States Virgin Islands","VIR",2017,NA,NA,101860,NA
"519","United States Virgin Islands","VIR",2018,NA,NA,101377,NA
"520","Upper-middle-income countries",NA,2017,NA,NA,2500616723,NA
"521","Upper-middle-income countries",NA,2018,NA,NA,2516785800,NA
"522","Uzbekistan","UZB",2017,NA,NA,31945680,NA
"523","Uzbekistan","UZB",2018,NA,NA,32449578,NA
"524","Vanuatu","VUT",2017,NA,NA,290250,NA
"525","Vanuatu","VUT",2018,NA,NA,297307,NA
"526","Venezuela","VEN",2017,NA,NA,30563430,NA
"527","Venezuela","VEN",2018,NA,NA,29825652,NA
"528","Vietnam","VNM",2017,NA,NA,94033048,NA
"529","Wallis and Futuna","WLF",2017,NA,NA,11961,NA
"530","Wallis and Futuna","WLF",2018,NA,NA,11840,NA
"531","Western Sahara","ESH",2017,NA,NA,518867,NA
"532","Western Sahara","ESH",2018,NA,NA,532011,NA
"533","Yemen","YEM",2017,NA,NA,30034386,NA
"534","Yemen","YEM",2018,NA,NA,30790514,NA
"535","Zambia","ZMB",2017,NA,NA,17298056,NA
"536","Zambia","ZMB",2018,NA,NA,17835898,NA
"537","Zimbabwe","ZWE",2018,NA,NA,15052191,NA
